{"cameraMode":{"drawMode":0,"name":"Shaded","section":"Shading Mode"},"sceneLighting":false,"audioPlay":false,"sceneViewState":{"showFog":true,"showMaterialUpdate":false,"showSkybox":true,"showFlares":true,"showImageEffects":true,"showParticleSystems":true},"in2DMode":false,"pivot":{"x":60.27021026611328,"y":-2.339235782623291,"z":12.039727210998536},"rotation":{"x":0.11926218867301941,"y":-0.769802987575531,"z":0.15084479749202729,"w":0.608626127243042},"size":25.07046127319336,"orthographic":false}