{"cameraMode":{"drawMode":0,"name":"Shaded","section":"Shading Mode"},"sceneLighting":true,"audioPlay":false,"sceneViewState":{"showFog":true,"showMaterialUpdate":false,"showSkybox":true,"showFlares":true,"showImageEffects":true,"showParticleSystems":true},"in2DMode":false,"pivot":{"x":-169.89962768554688,"y":-30.09546661376953,"z":-42.062217712402347},"rotation":{"x":0.11926218867301941,"y":-0.769802987575531,"z":0.15084479749202729,"w":0.608626127243042},"size":433.0759582519531,"orthographic":false}